id,resume_url,has_fnb_experience,has_retail_experience,relevant_experience_years,has_waiter_or_service_role,has_baker_or_cake_decorator_role,has_retail_supervisor_role,has_sales_assistant_role
1180,,-,-,-,-,-,-,-
6459,https://flutter-uploads-production.s3-ap-southeast-1.amazonaws.com/gogetter_resume/55eedd2e-f2f6-4cca-a48d-2f77e2fb2de4.pdf,FALSE,FALSE,0,FALSE,FALSE,FALSE,FALSE
12779,,-,-,-,-,-,-,-
27231,https://flutter-uploads-production.s3-ap-southeast-1.amazonaws.com/gogetter_resume/faa9ba634584c50165c34acc32bffbdfd8832539483b640287b884074399fae1.pdf,FALSE,FALSE,0,FALSE,FALSE,FALSE,FALSE
45851,,-,-,-,-,-,-,-
53849,,-,-,-,-,-,-,-
79350,https://flutter-uploads-production.s3-ap-southeast-1.amazonaws.com/gogetter_resume/369197f1-f4c4-4462-a9d6-69f80cc694cc.pdf,TRUE,TRUE,3,FALSE,FALSE,FALSE,TRUE
83137,,-,-,-,-,-,-,-
109138,https://flutter-uploads-production.s3-ap-southeast-1.amazonaws.com/gogetter_resume/6c16819df9a87a843f12dafb97d1ce995e68ae23e1116a97de3fc802cea4e8a8.pdf,TRUE,FALSE,2,FALSE,FALSE,FALSE,FALSE
111992,,-,-,-,-,-,-,-
113205,https://flutter-uploads-production.s3-ap-southeast-1.amazonaws.com/gogetter_resume/4f835a97-056a-41dd-b6da-f68da2bcd903.pdf,FALSE,FALSE,0,FALSE,FALSE,FALSE,FALSE
113348,,-,-,-,-,-,-,-
125549,,-,-,-,-,-,-,-
126140,,-,-,-,-,-,-,-
130406,,-,-,-,-,-,-,-
153119,,-,-,-,-,-,-,-
157023,,-,-,-,-,-,-,-
169545,,-,-,-,-,-,-,-
170508,,-,-,-,-,-,-,-
181787,,-,-,-,-,-,-,-
186479,,-,-,-,-,-,-,-
190551,,-,-,-,-,-,-,-
192050,,-,-,-,-,-,-,-
283145,https://flutter-uploads-production.s3-ap-southeast-1.amazonaws.com/gogetter_resume/b3684555-a26f-4b67-8d9c-d81cccc3b12e.pdf,FALSE,FALSE,0,FALSE,FALSE,FALSE,FALSE
544470,,-,-,-,-,-,-,-
686340,,-,-,-,-,-,-,-
695050,,-,-,-,-,-,-,-
702475,,-,-,-,-,-,-,-
823824,,-,-,-,-,-,-,-
831463,,-,-,-,-,-,-,-
833233,https://flutter-uploads-production.s3-ap-southeast-1.amazonaws.com/gogetter_resume/bc7303eb497c6dae38f0b7f1a4377e6cf29a34422b33fd614cf69c7a4050e222.pdf,TRUE,TRUE,0,FALSE,FALSE,TRUE,FALSE
834363,,-,-,-,-,-,-,-
847161,https://flutter-uploads-production.s3-ap-southeast-1.amazonaws.com/gogetter_resume/80f211a9636761617ab12f2d86425afe4f7b0b55c2eecc8d1c918d20477e5754.pdf,TRUE,TRUE,4,TRUE,FALSE,FALSE,TRUE
848999,,-,-,-,-,-,-,-
856217,,-,-,-,-,-,-,-
858053,,-,-,-,-,-,-,-
858841,,-,-,-,-,-,-,-
865386,https://flutter-uploads-production.s3-ap-southeast-1.amazonaws.com/gogetter_resume/05330f551f56a47ae6dd42665b2c58f069af4b7f61fe6ca462bba9d6f25b6f5b.pdf,FALSE,TRUE,8,FALSE,FALSE,FALSE,TRUE
872497,,-,-,-,-,-,-,-
874967,https://flutter-uploads-production.s3-ap-southeast-1.amazonaws.com/gogetter_resume/c83a39d8-395b-4914-9b35-cae2eda542ff.pdf,FALSE,FALSE,0,TRUE,FALSE,FALSE,FALSE
876635,,-,-,-,-,-,-,-
882992,https://flutter-uploads-production.s3-ap-southeast-1.amazonaws.com/gogetter_resume/68dd34a56be75a4679731b4eb47b7af405a5320f823b7018ab544daecb2c3134.pdf,TRUE,TRUE,5,TRUE,FALSE,FALSE,FALSE
884905,,-,-,-,-,-,-,-
884991,,-,-,-,-,-,-,-
885111,https://flutter-uploads-production.s3-ap-southeast-1.amazonaws.com/gogetter_resume/44a92b8c1f824b34ab6a2d834a94c3ab7135f738ed0edc2bda6c1846717764ca.pdf,FALSE,FALSE,0,FALSE,FALSE,FALSE,FALSE
886681,,-,-,-,-,-,-,-
895970,,-,-,-,-,-,-,-
896504,,-,-,-,-,-,-,-
897409,,-,-,-,-,-,-,-
899513,,-,-,-,-,-,-,-
900974,,-,-,-,-,-,-,-
905020,,-,-,-,-,-,-,-
907013,,-,-,-,-,-,-,-
907558,https://flutter-uploads-production.s3-ap-southeast-1.amazonaws.com/gogetter_resume/ae6d011b4b2082d0b03b6d596b4343d4e65b090254f1eaf74a72fe62520104a3.pdf,FALSE,FALSE,0,FALSE,FALSE,FALSE,FALSE
911963,,-,-,-,-,-,-,-
914732,,-,-,-,-,-,-,-
918605,https://flutter-uploads-production.s3-ap-southeast-1.amazonaws.com/gogetter_resume/3d320b167757a092ad1afa0632a44fe6b46ea552bb4294343805f10d6c43aee9.pdf,FALSE,TRUE,12,FALSE,FALSE,TRUE,FALSE
923966,,-,-,-,-,-,-,-
931061,,-,-,-,-,-,-,-
931451,,-,-,-,-,-,-,-
933031,,-,-,-,-,-,-,-
934414,,-,-,-,-,-,-,-
937218,,-,-,-,-,-,-,-
938367,,-,-,-,-,-,-,-
941102,,-,-,-,-,-,-,-
944391,https://flutter-uploads-production.s3-ap-southeast-1.amazonaws.com/gogetter_resume/c3ad478a765161f4d1767be4ee10ac67d011c547a58cc569acdd3020bf862823.pdf,FALSE,FALSE,0,FALSE,FALSE,FALSE,FALSE
945942,,-,-,-,-,-,-,-
946617,https://flutter-uploads-production.s3-ap-southeast-1.amazonaws.com/gogetter_resume/16deae67-1c34-4a04-b665-e0113821117b.pdf,FALSE,TRUE,2,FALSE,FALSE,FALSE,TRUE
946922,,-,-,-,-,-,-,-
952533,https://flutter-uploads-production.s3-ap-southeast-1.amazonaws.com/gogetter_resume/643fd2897eaa161447063dac33ec8a7458a8212a06f99f6b73b0b1a827f9e3a9.pdf,TRUE,TRUE,4,TRUE,FALSE,TRUE,FALSE
954003,,-,-,-,-,-,-,-
955443,,-,-,-,-,-,-,-
959617,,-,-,-,-,-,-,-
959827,,-,-,-,-,-,-,-
962833,,-,-,-,-,-,-,-
963089,https://flutter-uploads-production.s3-ap-southeast-1.amazonaws.com/gogetter_resume/807f3aa98bf38dda9a4b427d9f862ce278c6177375a5135bcea3bde7d444cca4.pdf,FALSE,FALSE,0,FALSE,FALSE,FALSE,FALSE
963153,,-,-,-,-,-,-,-
964514,,-,-,-,-,-,-,-
965037,https://flutter-uploads-production.s3-ap-southeast-1.amazonaws.com/gogetter_resume/2817726b-3690-44e5-93a7-14c375b33ebf.pdf,TRUE,TRUE,7,TRUE,FALSE,FALSE,FALSE
965521,,-,-,-,-,-,-,-
966901,,-,-,-,-,-,-,-
967262,,-,-,-,-,-,-,-
968695,https://flutter-uploads-production.s3-ap-southeast-1.amazonaws.com/gogetter_resume/9a9c71c7a0fec4c38eea3a2626b73ae79f3b46a3c6e1e6a79fe7d9c2811b5ae6.pdf,FALSE,FALSE,0,TRUE,FALSE,FALSE,FALSE
982909,https://flutter-uploads-production.s3-ap-southeast-1.amazonaws.com/gogetter_resume/83c59cee-0433-4fe0-b65e-2c773f892672.pdf,FALSE,FALSE,0,FALSE,FALSE,FALSE,FALSE
987123,,-,-,-,-,-,-,-
987579,,-,-,-,-,-,-,-
987819,,-,-,-,-,-,-,-
995123,,-,-,-,-,-,-,-
995653,https://flutter-uploads-production.s3-ap-southeast-1.amazonaws.com/gogetter_resume/61b73fc7659b5252a323cb081c899c3203bfe2ab863c35e3a818bdc1ef2f94ae.pdf,FALSE,TRUE,0,FALSE,FALSE,FALSE,TRUE
1001479,,-,-,-,-,-,-,-
1002214,https://flutter-uploads-production.s3-ap-southeast-1.amazonaws.com/gogetter_resume/b4f2e42a-2e7e-46d3-9186-aabd923a6713.pdf,-,-,-,-,-,-,-
1002346,https://flutter-uploads-production.s3-ap-southeast-1.amazonaws.com/gogetter_resume/23d02150268a91c33a58671d706e2db0b3099884ea2c257a80109a0b814daa06.pdf,FALSE,TRUE,1,FALSE,FALSE,FALSE,FALSE
1003273,,-,-,-,-,-,-,-
1004627,,-,-,-,-,-,-,-
1005235,,-,-,-,-,-,-,-
1005750,https://flutter-uploads-production.s3-ap-southeast-1.amazonaws.com/gogetter_resume/f0fe17d0f52df932207a097daac7fa6ed33fc77b87683a0a3e91574517382ee6.pdf,FALSE,FALSE,0,FALSE,FALSE,FALSE,FALSE
1007098,,-,-,-,-,-,-,-
1008021,,-,-,-,-,-,-,-
1008205,https://flutter-uploads-production.s3-ap-southeast-1.amazonaws.com/gogetter_resume/119baeef72e98c9a5253fe40268c4fc30fa5faa42b066d77aaa2ebd4f6303e9a.pdf,TRUE,TRUE,1,FALSE,FALSE,FALSE,TRUE
1010436,,-,-,-,-,-,-,-
1014131,https://flutter-uploads-production.s3-ap-southeast-1.amazonaws.com/gogetter_resume/04604f08-14dd-4fa9-a9be-7b77f57750ae.pdf,-,-,-,-,-,-,-
1018435,,-,-,-,-,-,-,-
1020983,https://flutter-uploads-production.s3-ap-southeast-1.amazonaws.com/gogetter_resume/3eaa0188df119212e1e0120c255c8f60389ca9645626194c932e2ac5530e413f.pdf,FALSE,FALSE,0,FALSE,FALSE,FALSE,FALSE
1022227,,-,-,-,-,-,-,-
1024306,https://flutter-uploads-production.s3-ap-southeast-1.amazonaws.com/gogetter_resume/969bbd23-fd89-4d35-8cf8-92a956f61940.pdf,TRUE,TRUE,3,TRUE,FALSE,FALSE,FALSE
1025356,,-,-,-,-,-,-,-
1026007,,-,-,-,-,-,-,-
1026017,,-,-,-,-,-,-,-
1028382,https://flutter-uploads-production.s3-ap-southeast-1.amazonaws.com/gogetter_resume/64cc1250015fd636bd4435ef2e6be8312730c5c536d034dd8539bb2f363ea816.pdf,FALSE,FALSE,0,FALSE,FALSE,FALSE,FALSE
1029073,https://flutter-uploads-production.s3-ap-southeast-1.amazonaws.com/gogetter_resume/69ba02eebd4ee96e055dab602b535b4406eac5c2acb9ce89890a056855931776.pdf,FALSE,TRUE,0,FALSE,FALSE,FALSE,TRUE
1032188,,-,-,-,-,-,-,-
1033689,,-,-,-,-,-,-,-
1035343,https://flutter-uploads-production.s3-ap-southeast-1.amazonaws.com/gogetter_resume/4d8e845f3ba3d7a4ce6402bb4975145bec136956cab7dee38fd6810316a19093.pdf,-,-,-,-,-,-,-
1036186,,-,-,-,-,-,-,-
1039265,,-,-,-,-,-,-,-
1039434,https://flutter-uploads-production.s3-ap-southeast-1.amazonaws.com/gogetter_resume/90ab142665fa7814bcac4db93d4dbf430a482c30324ec64a62958aeea4e31c86.pdf,FALSE,TRUE,1,FALSE,FALSE,FALSE,FALSE
1040460,,-,-,-,-,-,-,-
1041335,,-,-,-,-,-,-,-
1043193,https://flutter-uploads-production.s3-ap-southeast-1.amazonaws.com/gogetter_resume/2028311a-97b5-474d-8918-0b186670ff43.pdf,FALSE,TRUE,1,FALSE,FALSE,TRUE,FALSE
1043220,https://flutter-uploads-production.s3-ap-southeast-1.amazonaws.com/gogetter_resume/88d2b1b9d108ea7fc9d534ccff8e6f7cf7280031a1381148f5b0ba1d3e4f0474.pdf,FALSE,TRUE,0,FALSE,FALSE,FALSE,FALSE
1045319,,-,-,-,-,-,-,-
1045360,,-,-,-,-,-,-,-
1046916,,-,-,-,-,-,-,-
1052074,,-,-,-,-,-,-,-
1053848,,-,-,-,-,-,-,-
1054809,https://flutter-uploads-production.s3-ap-southeast-1.amazonaws.com/gogetter_resume/45de2d632a9edc805be505aea1bce6958ef5d33585d66eb74828059816b1ef45.pdf,FALSE,FALSE,0,FALSE,FALSE,FALSE,FALSE
1057914,,-,-,-,-,-,-,-
1059613,,-,-,-,-,-,-,-
1059675,https://flutter-uploads-production.s3-ap-southeast-1.amazonaws.com/gogetter_resume/f676ca53332d900f75cab10e48d95a1b806694bdd234b0a1c11f42f5ae5a7d0a.pdf,FALSE,FALSE,0,FALSE,FALSE,FALSE,FALSE
1060259,,-,-,-,-,-,-,-
1061708,,-,-,-,-,-,-,-
1061753,,-,-,-,-,-,-,-
1063422,https://flutter-uploads-production.s3-ap-southeast-1.amazonaws.com/gogetter_resume/878d72d6-ea45-4705-ae2f-f3f51682381d.pdf,FALSE,FALSE,0,TRUE,FALSE,FALSE,FALSE
1064089,,-,-,-,-,-,-,-
1064725,,-,-,-,-,-,-,-
1067720,https://flutter-uploads-production.s3-ap-southeast-1.amazonaws.com/gogetter_resume/ab292b21-e194-40f6-8be4-a99983f43c08.pdf,FALSE,TRUE,1,FALSE,FALSE,FALSE,TRUE
1068839,,-,-,-,-,-,-,-
1069442,https://flutter-uploads-production.s3-ap-southeast-1.amazonaws.com/gogetter_resume/139ed31c-0b76-473a-a406-d2ac99b71faa.pdf,FALSE,TRUE,0,FALSE,FALSE,FALSE,FALSE
1071042,,-,-,-,-,-,-,-
1074423,,-,-,-,-,-,-,-
1075581,https://flutter-uploads-production.s3-ap-southeast-1.amazonaws.com/gogetter_resume/3c635848e34135e93b2ff6d81225721c1ba2b9796c8f90b68d0feaf53b5255c1.pdf,FALSE,TRUE,1,FALSE,FALSE,TRUE,FALSE
1075701,,-,-,-,-,-,-,-
1076412,,-,-,-,-,-,-,-
1076795,,-,-,-,-,-,-,-
1080458,,-,-,-,-,-,-,-
1081447,,-,-,-,-,-,-,-
1083152,,-,-,-,-,-,-,-
1084878,,-,-,-,-,-,-,-
1086540,https://flutter-uploads-production.s3-ap-southeast-1.amazonaws.com/gogetter_resume/4868e7b93cf8aa9f5e38df579d2214ac481bae0d5f1e7acc53b015470ff1fca9.pdf,TRUE,TRUE,6,TRUE,FALSE,FALSE,FALSE
1097635,https://flutter-uploads-production.s3-ap-southeast-1.amazonaws.com/gogetter_resume/fbbea8fe9cc654a9d81ec56c3ff0c0adadfc56aa4e00f48f4aa0be75c1586a52.pdf,FALSE,TRUE,3,FALSE,FALSE,FALSE,FALSE
1098801,,-,-,-,-,-,-,-
1099326,,-,-,-,-,-,-,-
1100614,https://flutter-uploads-production.s3-ap-southeast-1.amazonaws.com/gogetter_resume/b30ea2320884bb35df4d22fa073806bb18b3620cbf11f6c422365282df857be6.pdf,FALSE,FALSE,0,FALSE,FALSE,FALSE,FALSE
1103210,,-,-,-,-,-,-,-
1104265,,-,-,-,-,-,-,-
1104457,,-,-,-,-,-,-,-
1109950,,-,-,-,-,-,-,-
1112939,,-,-,-,-,-,-,-
1116073,,-,-,-,-,-,-,-
1119475,,-,-,-,-,-,-,-
1120902,,-,-,-,-,-,-,-
1122799,,-,-,-,-,-,-,-
1124799,,-,-,-,-,-,-,-
1128384,,-,-,-,-,-,-,-
1129202,https://flutter-uploads-production.s3-ap-southeast-1.amazonaws.com/gogetter_resume/4013059be2c49e77868d4763bb0ca5dcb547f9102cfb30aa42850d8943deb3cf.pdf,FALSE,TRUE,0,FALSE,FALSE,FALSE,TRUE
1129736,,-,-,-,-,-,-,-
1134076,,-,-,-,-,-,-,-
1134650,,-,-,-,-,-,-,-
1135154,,-,-,-,-,-,-,-
1138290,,-,-,-,-,-,-,-
1144576,,-,-,-,-,-,-,-
1149159,https://flutter-uploads-production.s3-ap-southeast-1.amazonaws.com/gogetter_resume/70112331e277bbd37a62023779e8d56a7a5b21b1e8dd34f40ef7377e40038339.pdf,FALSE,FALSE,0,FALSE,FALSE,FALSE,FALSE
1150871,https://flutter-uploads-production.s3-ap-southeast-1.amazonaws.com/gogetter_resume/cdc78e76-5812-4fbf-b69a-feb73cd3b15b.pdf,-,-,-,-,-,-,-
1154978,https://flutter-uploads-production.s3-ap-southeast-1.amazonaws.com/gogetter_resume/6e86d3f9-c075-4234-b87f-679d8fea6d7b.pdf,FALSE,FALSE,0,FALSE,FALSE,FALSE,FALSE
1155433,https://flutter-uploads-production.s3-ap-southeast-1.amazonaws.com/gogetter_resume/b19f44d1c32ef3f1104d0cf910c877ae3214ccbe05f78586f0f1f742d20fe852.pdf,FALSE,TRUE,3,FALSE,FALSE,TRUE,FALSE
1155684,,-,-,-,-,-,-,-
1156679,,-,-,-,-,-,-,-
1163657,https://flutter-uploads-production.s3-ap-southeast-1.amazonaws.com/gogetter_resume/4b4ab44fe361acfc1d7974ff507b344f5dbe693fdb4f0328664efe6d4a2b4949.pdf,-,-,-,-,-,-,-
1164998,,-,-,-,-,-,-,-
1166482,,-,-,-,-,-,-,-
1170420,,-,-,-,-,-,-,-
1173648,,-,-,-,-,-,-,-
1174230,,-,-,-,-,-,-,-
1177429,,-,-,-,-,-,-,-
1185528,https://flutter-uploads-production.s3-ap-southeast-1.amazonaws.com/gogetter_resume/ffbae9c5ea14cae8842ac26ca8ee46c67ddced8a65dc938a1deca2337142cbe8.pdf,TRUE,FALSE,6,FALSE,FALSE,FALSE,TRUE
1185955,https://flutter-uploads-production.s3-ap-southeast-1.amazonaws.com/gogetter_resume/335e4389ab88e194db01caaf498c5acda4e2a22703b392779658f68013eafc9b.pdf,TRUE,FALSE,2,TRUE,FALSE,FALSE,TRUE
1188066,,-,-,-,-,-,-,-
1189405,https://flutter-uploads-production.s3-ap-southeast-1.amazonaws.com/gogetter_resume/58be9a79cd562056ff85f6335267c790a32ec914b7cc6f7fd52a7f323d748296.pdf,TRUE,TRUE,6,FALSE,FALSE,FALSE,FALSE
1190917,,-,-,-,-,-,-,-
1191682,,-,-,-,-,-,-,-
1196374,,-,-,-,-,-,-,-
1196390,https://flutter-uploads-production.s3-ap-southeast-1.amazonaws.com/gogetter_resume/60ba1111874b170d896f7cd722498fb643e389bfb9d52e7fbc9114e06846ff37.pdf,FALSE,FALSE,0,FALSE,FALSE,FALSE,FALSE
1196924,https://flutter-uploads-production.s3-ap-southeast-1.amazonaws.com/gogetter_resume/1e9619ca08240cdb00e71a8d694b73451928d82fde51215de2374b19df0ecbcf.pdf,FALSE,TRUE,2,FALSE,FALSE,TRUE,TRUE
1196932,,-,-,-,-,-,-,-
1197434,https://flutter-uploads-production.s3-ap-southeast-1.amazonaws.com/gogetter_resume/49183de3-d39c-4e72-9710-7fef8703b454.pdf,FALSE,FALSE,0,FALSE,FALSE,FALSE,FALSE
1204487,https://flutter-uploads-production.s3-ap-southeast-1.amazonaws.com/gogetter_resume/c74ab2fb01a867bd5a0bc9074f7c3a27a5cfe5a967131b2bc49ae107e92fdd07.pdf,FALSE,FALSE,0,TRUE,FALSE,FALSE,FALSE
1227743,,-,-,-,-,-,-,-
1228566,,-,-,-,-,-,-,-
1230193,,-,-,-,-,-,-,-
1232388,https://flutter-uploads-production.s3-ap-southeast-1.amazonaws.com/gogetter_resume/aa1a9629-cc20-4eaa-9939-e2eee8bcff99.pdf,TRUE,TRUE,5,TRUE,FALSE,FALSE,FALSE
1232932,,-,-,-,-,-,-,-
1235848,,-,-,-,-,-,-,-
1241051,https://flutter-uploads-production.s3-ap-southeast-1.amazonaws.com/gogetter_resume/fed30d6d-61ae-404f-92a4-f6aa060d1bd7.pdf,FALSE,FALSE,0,FALSE,FALSE,FALSE,FALSE
1242321,,-,-,-,-,-,-,-
1248675,https://flutter-uploads-production.s3-ap-southeast-1.amazonaws.com/gogetter_resume/663ba8dd-7561-44e0-a8aa-893b98c99b00.pdf,-,-,-,-,-,-,-
1252081,https://flutter-uploads-production.s3-ap-southeast-1.amazonaws.com/gogetter_resume/0a3866bd310d951b03739c6b40b2df45bcf2f39ea515e885aa1c0ad685edc6ed.pdf,FALSE,TRUE,2,FALSE,FALSE,FALSE,TRUE
1253238,,-,-,-,-,-,-,-
1256098,,-,-,-,-,-,-,-
1258846,,-,-,-,-,-,-,-
1261315,https://flutter-uploads-production.s3-ap-southeast-1.amazonaws.com/gogetter_resume/7b3ef03f2a502ff3804b18945b53362288d1c97d6d0bb03b7e455261152a5c48.pdf,TRUE,TRUE,6,TRUE,FALSE,TRUE,FALSE
1261830,,-,-,-,-,-,-,-
1270813,https://flutter-uploads-production.s3-ap-southeast-1.amazonaws.com/gogetter_resume/c30999af2dc7f15370461ea6c9d8b5302051487dcc1559e3ef73c6f2c6229e6e.pdf,FALSE,TRUE,0,FALSE,FALSE,TRUE,FALSE
1270881,,-,-,-,-,-,-,-
1272484,,-,-,-,-,-,-,-
1272714,,-,-,-,-,-,-,-
1277478,,-,-,-,-,-,-,-
1283371,https://flutter-uploads-production.s3-ap-southeast-1.amazonaws.com/gogetter_resume/22b1ecdd-8c5f-48a2-91fc-c9198d74f36c.pdf,FALSE,FALSE,0,FALSE,FALSE,FALSE,FALSE
1284907,,-,-,-,-,-,-,-
1286663,,-,-,-,-,-,-,-
1293058,,-,-,-,-,-,-,-
1299629,https://flutter-uploads-production.s3-ap-southeast-1.amazonaws.com/gogetter_resume/bde602a621d17da10e36e65721318086d64c0f0e42320d82bf738fe213458249.pdf,TRUE,TRUE,0,FALSE,FALSE,TRUE,FALSE
1302851,,-,-,-,-,-,-,-
1303285,,-,-,-,-,-,-,-
1305343,,-,-,-,-,-,-,-
1306436,,-,-,-,-,-,-,-
1307064,,-,-,-,-,-,-,-
1311315,,-,-,-,-,-,-,-
1315818,,-,-,-,-,-,-,-
1316007,https://flutter-uploads-production.s3-ap-southeast-1.amazonaws.com/gogetter_resume/770605d7-aa5a-4977-8c20-97924eff06db.pdf,TRUE,FALSE,4,FALSE,TRUE,FALSE,FALSE
1319802,,-,-,-,-,-,-,-
1320298,https://flutter-uploads-production.s3-ap-southeast-1.amazonaws.com/gogetter_resume/cf5d11d2-116b-44d2-ab10-f437e69e064e.pdf,FALSE,FALSE,0,FALSE,FALSE,FALSE,FALSE
1322646,,-,-,-,-,-,-,-
1327459,https://flutter-uploads-production.s3-ap-southeast-1.amazonaws.com/gogetter_resume/eba59e06-3170-4342-857b-71258e7a6aac.pdf,FALSE,FALSE,0,FALSE,FALSE,FALSE,FALSE
1340537,,-,-,-,-,-,-,-
1341400,,-,-,-,-,-,-,-
1342845,https://flutter-uploads-production.s3-ap-southeast-1.amazonaws.com/gogetter_resume/b87014ad-0770-4644-b0bf-03cbf37f14a2.pdf,FALSE,FALSE,0,FALSE,FALSE,FALSE,FALSE
1344240,,-,-,-,-,-,-,-
1345978,,-,-,-,-,-,-,-
1351290,https://flutter-uploads-production.s3-ap-southeast-1.amazonaws.com/gogetter_resume/6d62e539-d6ab-465f-81b2-daf81cea6734.pdf,FALSE,TRUE,0,FALSE,FALSE,TRUE,FALSE
1356891,,-,-,-,-,-,-,-
1361405,https://flutter-uploads-production.s3-ap-southeast-1.amazonaws.com/gogetter_resume/e637b2fe-7726-47c5-b465-135a11b1f739.pdf,TRUE,TRUE,9,FALSE,FALSE,TRUE,FALSE
1362598,https://flutter-uploads-production.s3-ap-southeast-1.amazonaws.com/gogetter_resume/cb575fdb211619aa5c2a5d52ca48da2dab74c215cfbb1d9373dd968ebcd03be3.pdf,TRUE,TRUE,3,TRUE,FALSE,FALSE,FALSE
1373478,,-,-,-,-,-,-,-
1374247,,-,-,-,-,-,-,-
1374458,,-,-,-,-,-,-,-
1375465,,-,-,-,-,-,-,-
1377902,,-,-,-,-,-,-,-
1383501,,-,-,-,-,-,-,-
1384189,https://flutter-uploads-production.s3-ap-southeast-1.amazonaws.com/gogetter_resume/eecae52f-5d88-4068-82b2-cce37a8280a6.pdf,FALSE,TRUE,0,FALSE,FALSE,FALSE,FALSE
1388397,,-,-,-,-,-,-,-
1389518,,-,-,-,-,-,-,-
1393383,,-,-,-,-,-,-,-
1395941,,-,-,-,-,-,-,-
1398932,https://flutter-uploads-production.s3-ap-southeast-1.amazonaws.com/gogetter_resume/10cccf0a-c7db-4ab1-a086-3d3e7f9c4525.pdf,FALSE,FALSE,0,FALSE,FALSE,FALSE,FALSE
1399730,,-,-,-,-,-,-,-
1401795,,-,-,-,-,-,-,-
1404435,https://flutter-uploads-production.s3-ap-southeast-1.amazonaws.com/gogetter_resume/b31fa881567ce96446a352d1461614743a650741ae991d64772dc6e5f62c0125.pdf,TRUE,TRUE,5,TRUE,FALSE,TRUE,FALSE
1405920,,-,-,-,-,-,-,-
1410206,,-,-,-,-,-,-,-
1425688,https://flutter-uploads-production.s3-ap-southeast-1.amazonaws.com/gogetter_resume/376838bfdb8622003ec49ee6b4ecffaff7f9d477c04aeed768a1af06e54e983a.pdf,FALSE,FALSE,0,FALSE,FALSE,FALSE,FALSE
1427419,https://flutter-uploads-production.s3-ap-southeast-1.amazonaws.com/gogetter_resume/5a8eeb6a30347bdc91e5533d10126222b26183b5754226b5b6d8ac6223038d7a.pdf,FALSE,FALSE,0,FALSE,FALSE,FALSE,FALSE
1430480,,-,-,-,-,-,-,-
1430680,,-,-,-,-,-,-,-
1434137,,-,-,-,-,-,-,-
1435881,https://flutter-uploads-production.s3-ap-southeast-1.amazonaws.com/gogetter_resume/37b8c11e-3afd-4cb9-ac0a-f7631365f2ee.pdf,TRUE,FALSE,4,FALSE,FALSE,FALSE,FALSE
1437027,,-,-,-,-,-,-,-
1440755,https://flutter-uploads-production.s3-ap-southeast-1.amazonaws.com/gogetter_resume/d78914f8-b0ac-45ea-92b4-c8be17198769.pdf,FALSE,FALSE,0,FALSE,FALSE,FALSE,FALSE
1448683,,-,-,-,-,-,-,-
1449593,,-,-,-,-,-,-,-
1454150,,-,-,-,-,-,-,-
1462049,,-,-,-,-,-,-,-
1462790,,-,-,-,-,-,-,-
1466581,https://flutter-uploads-production.s3-ap-southeast-1.amazonaws.com/gogetter_resume/82750af9103684c624f7cf89db9083455ba8a40ab6b8290bcac3248649528d16.pdf,FALSE,FALSE,0,FALSE,FALSE,FALSE,FALSE
1467613,,-,-,-,-,-,-,-
1469631,,-,-,-,-,-,-,-
1474560,https://flutter-uploads-production.s3-ap-southeast-1.amazonaws.com/gogetter_resume/db4bff298c4bd3b94774754d2f5cffdf8b107da144fa8d6ded2260724af6ca75.pdf,FALSE,TRUE,0,FALSE,FALSE,FALSE,TRUE
1476667,,-,-,-,-,-,-,-
1477943,,-,-,-,-,-,-,-
1478215,,-,-,-,-,-,-,-
1482041,,-,-,-,-,-,-,-
1488265,,-,-,-,-,-,-,-
1489713,,-,-,-,-,-,-,-
1490889,https://flutter-uploads-production.s3-ap-southeast-1.amazonaws.com/gogetter_resume/9fd8a7d8-198e-4f7e-9e78-3d562c23806b.pdf,TRUE,FALSE,1,FALSE,FALSE,FALSE,FALSE
1491090,https://flutter-uploads-production.s3-ap-southeast-1.amazonaws.com/gogetter_resume/2a20cd5e74ba9cc369dde0ba5136f52a3d1ac80008e75d6e5826ef91edb5cdca.pdf,FALSE,FALSE,0,FALSE,FALSE,FALSE,FALSE
1491732,https://flutter-uploads-production.s3-ap-southeast-1.amazonaws.com/gogetter_resume/65431dc17bbbe02ac55650832dc128684fb1682b008fc8a9b21ace9e733620c6.pdf,FALSE,TRUE,0,FALSE,FALSE,FALSE,FALSE
1495329,,-,-,-,-,-,-,-
1501454,,-,-,-,-,-,-,-
1502599,https://flutter-uploads-production.s3-ap-southeast-1.amazonaws.com/gogetter_resume/81668ee9-9857-4b7b-9acd-655520d1bdc1.pdf,TRUE,TRUE,8,FALSE,FALSE,FALSE,FALSE
1512999,https://flutter-uploads-production.s3-ap-southeast-1.amazonaws.com/gogetter_resume/0937dcdf43691bc2389cf09980ca31ee95429573ac5789bf880c8d41b7bed2c3.pdf,FALSE,TRUE,6,FALSE,FALSE,FALSE,TRUE
1514197,,-,-,-,-,-,-,-
1522400,,-,-,-,-,-,-,-
1523324,https://flutter-uploads-production.s3-ap-southeast-1.amazonaws.com/gogetter_resume/ff8df990cce2607036d22491627b33dd25a44cac018f21f793a5b3bc775b5b46.pdf,FALSE,FALSE,0,FALSE,FALSE,FALSE,FALSE
1529085,https://flutter-uploads-production.s3-ap-southeast-1.amazonaws.com/gogetter_resume/7a6b886c0f7c02adccd9c6b361350aa6e946ddb20f5a0c69ad3699e24b25991d.pdf,FALSE,FALSE,0,FALSE,FALSE,FALSE,FALSE
1532618,,-,-,-,-,-,-,-
1533780,,-,-,-,-,-,-,-
1535673,https://flutter-uploads-production.s3-ap-southeast-1.amazonaws.com/gogetter_resume/b961d8f1ef12e7916e55d98519eca26e516741d99b6439253f893071da846608.pdf,TRUE,TRUE,6,FALSE,FALSE,FALSE,FALSE
1539474,,-,-,-,-,-,-,-
1541013,,-,-,-,-,-,-,-
1542273,https://flutter-uploads-production.s3-ap-southeast-1.amazonaws.com/gogetter_resume/dc424d6af2c17d76c9909588bc9323a4be0c2e641c6e6476f6fd01952378993a.pdf,FALSE,FALSE,0,FALSE,TRUE,FALSE,FALSE
1544368,https://flutter-uploads-production.s3-ap-southeast-1.amazonaws.com/gogetter_resume/9075777b5b87a9e7bb7756f9d277ae92d6d5c2f366ec5ae3994cdd1b7ea52d9c.pdf,FALSE,FALSE,0,FALSE,FALSE,FALSE,FALSE
1544420,,-,-,-,-,-,-,-
1544552,https://flutter-uploads-production.s3-ap-southeast-1.amazonaws.com/gogetter_resume/8cc36aad358622a1f66c50b13feb5f29133d843d208ea130ae9f7a55a3ef8286.pdf,FALSE,FALSE,0,FALSE,FALSE,FALSE,FALSE
1545888,,-,-,-,-,-,-,-
1550070,,-,-,-,-,-,-,-
1551610,,-,-,-,-,-,-,-
1551969,,-,-,-,-,-,-,-
1553589,,-,-,-,-,-,-,-
1555322,,-,-,-,-,-,-,-
1556283,,-,-,-,-,-,-,-
1560392,,-,-,-,-,-,-,-
1562337,https://flutter-uploads-production.s3-ap-southeast-1.amazonaws.com/gogetter_resume/6f925d1a-073c-49b2-b643-746140959c5d.pdf,FALSE,FALSE,0,FALSE,FALSE,FALSE,FALSE
1563489,https://flutter-uploads-production.s3-ap-southeast-1.amazonaws.com/gogetter_resume/aafe355f89b06c82e112415403f45954ca8474b9d4c254c28627f7dbe3f6e689.pdf,FALSE,FALSE,0,FALSE,FALSE,FALSE,FALSE
1569248,,-,-,-,-,-,-,-
1569351,,-,-,-,-,-,-,-
1571508,,-,-,-,-,-,-,-
1580525,https://flutter-uploads-production.s3-ap-southeast-1.amazonaws.com/gogetter_resume/3b88bac5-24f0-48d9-a970-46a8dcd8b099.pdf,FALSE,TRUE,1,FALSE,FALSE,TRUE,TRUE
1582219,https://flutter-uploads-production.s3-ap-southeast-1.amazonaws.com/gogetter_resume/68f653b349bd6777014e7339761568b29a48f27e2c9023023b19d7e15c5c2c3a.pdf,TRUE,TRUE,1,FALSE,FALSE,FALSE,FALSE
1582272,https://flutter-uploads-production.s3-ap-southeast-1.amazonaws.com/gogetter_resume/8aebdccf63835349d1b26d33dcf4474841fad37607338caae51f553fac99c6b5.pdf,FALSE,FALSE,0,FALSE,FALSE,FALSE,FALSE
1582396,,-,-,-,-,-,-,-
1582518,https://flutter-uploads-production.s3-ap-southeast-1.amazonaws.com/gogetter_resume/daa2d5d4e4cc398488d231c4fdfdff6ef83d971109d097a9e2ab7c66bde4f2e3.pdf,FALSE,FALSE,0,FALSE,FALSE,FALSE,TRUE
1584363,https://flutter-uploads-production.s3-ap-southeast-1.amazonaws.com/gogetter_resume/41caa1544d57dedb1ccc71eb757291749881ffd217acb0f660a0bab301bc28f5.pdf,FALSE,FALSE,0,FALSE,FALSE,FALSE,FALSE
1585692,,-,-,-,-,-,-,-
1588624,https://flutter-uploads-production.s3-ap-southeast-1.amazonaws.com/gogetter_resume/215786a9-af1c-4d9d-b3b2-df300eafba18.pdf,FALSE,FALSE,0,FALSE,FALSE,FALSE,FALSE
1590399,,-,-,-,-,-,-,-
1590482,,-,-,-,-,-,-,-
1592168,https://flutter-uploads-production.s3-ap-southeast-1.amazonaws.com/gogetter_resume/c5bc91bf2802051555a016213d4ac680d4f62598e7e3b3386d22d9baf95b795a.pdf,FALSE,TRUE,13,FALSE,FALSE,FALSE,FALSE
1593742,https://flutter-uploads-production.s3-ap-southeast-1.amazonaws.com/gogetter_resume/e9d01af3a58351c0c4770c24ede4f15f7015c4e9a1952650708ef6f12e6b9999.pdf,FALSE,TRUE,0,FALSE,FALSE,FALSE,TRUE
1596457,https://flutter-uploads-production.s3-ap-southeast-1.amazonaws.com/gogetter_resume/a2cd6c7f-c04c-40fd-a475-acc964a4892a.pdf,FALSE,TRUE,2,TRUE,FALSE,TRUE,TRUE
1597312,https://flutter-uploads-production.s3-ap-southeast-1.amazonaws.com/gogetter_resume/c8d8fabb2d27092d2175056a792e12d9860e3a80f3344501e522593dd3030569.pdf,FALSE,TRUE,0,FALSE,FALSE,TRUE,TRUE
1599544,https://flutter-uploads-production.s3-ap-southeast-1.amazonaws.com/gogetter_resume/8471c997ad26abc0cd5533c07fdc6ec6efc333f33d23dbc9b2f563ed8f461be9.pdf,FALSE,TRUE,1,FALSE,FALSE,FALSE,FALSE
1599693,https://flutter-uploads-production.s3-ap-southeast-1.amazonaws.com/gogetter_resume/93ed0fe7cf576ba09817e0a3f79052275fe7ea6cef420d043b36c20aa24cde7c.pdf,FALSE,FALSE,0,FALSE,FALSE,FALSE,FALSE
1600035,https://flutter-uploads-production.s3-ap-southeast-1.amazonaws.com/gogetter_resume/eb4d9800-e366-4b15-be8e-08c2269345b2.pdf,FALSE,TRUE,1,FALSE,FALSE,FALSE,FALSE
1608393,https://flutter-uploads-production.s3-ap-southeast-1.amazonaws.com/gogetter_resume/17adb6ea49fe5a257c383aa6a675da2d5277ba218888583d1ba614a7df51721b.pdf,FALSE,FALSE,0,FALSE,FALSE,FALSE,FALSE
1609399,https://flutter-uploads-production.s3-ap-southeast-1.amazonaws.com/gogetter_resume/642ddb399a1f8551b042e9a2f99287caf4cdfc5f11e1d74ade0df4800ef4e565.pdf,-,-,-,-,-,-,-
1609768,https://flutter-uploads-production.s3-ap-southeast-1.amazonaws.com/gogetter_resume/19873fb735dbb8ed3a550445e33971dbb74f99f331e7c76aea1ee75ebec670e1.pdf,FALSE,TRUE,2,FALSE,FALSE,FALSE,FALSE
1611898,https://flutter-uploads-production.s3-ap-southeast-1.amazonaws.com/gogetter_resume/9d4aeeebb438fb4840c2e93e189bf87cbf6c9987f59cc49e71c727a525aad87e.pdf,FALSE,FALSE,0,FALSE,FALSE,FALSE,FALSE
1615751,,-,-,-,-,-,-,-
1615798,https://flutter-uploads-production.s3-ap-southeast-1.amazonaws.com/gogetter_resume/1f1b557d89a5d78313016ba4d65d8ed1165cb8a248c1f50cd4d983deb2446152.pdf,TRUE,FALSE,0,FALSE,FALSE,FALSE,FALSE
1618129,https://flutter-uploads-production.s3-ap-southeast-1.amazonaws.com/gogetter_resume/88854ca0-f280-4b01-8b28-42a596e1ff3c.pdf,FALSE,TRUE,3,FALSE,FALSE,FALSE,FALSE
1622278,https://flutter-uploads-production.s3-ap-southeast-1.amazonaws.com/gogetter_resume/88c30e8ce91e603860e222e50fa1147c2a89410bb514c9f3fcfa9cb3ca6f2011.pdf,FALSE,FALSE,0,FALSE,FALSE,FALSE,FALSE
1624150,,-,-,-,-,-,-,-
1624531,,-,-,-,-,-,-,-
1625916,,-,-,-,-,-,-,-
1626809,,-,-,-,-,-,-,-
1627403,,-,-,-,-,-,-,-
1627621,https://flutter-uploads-production.s3-ap-southeast-1.amazonaws.com/gogetter_resume/6f3306dc1137902a3d300436274fe8e90837541ad66746a4691520fabc293a70.pdf,FALSE,FALSE,0,FALSE,FALSE,FALSE,FALSE
1627897,,-,-,-,-,-,-,-
1628589,,-,-,-,-,-,-,-
1633278,https://flutter-uploads-production.s3-ap-southeast-1.amazonaws.com/gogetter_resume/2830071ebd9db2bb48d10500d85dda1388685518f52f6a304e16ebbea534fa7e.pdf,FALSE,FALSE,0,FALSE,FALSE,FALSE,FALSE
1634596,,-,-,-,-,-,-,-
1635105,https://flutter-uploads-production.s3-ap-southeast-1.amazonaws.com/gogetter_resume/d4541309b65c2ac0e100bef1a4b7ca3217ec3d3a44a5b378f3bce7480587a6e7.pdf,FALSE,FALSE,0,FALSE,FALSE,FALSE,FALSE
1635451,,-,-,-,-,-,-,-
1636714,https://flutter-uploads-production.s3-ap-southeast-1.amazonaws.com/gogetter_resume/70cdb6c33b97be232f66c7f23861770183a39e5aeaaac1ebd09ee2b41bfd1437.pdf,FALSE,FALSE,0,FALSE,FALSE,FALSE,FALSE
1636978,,-,-,-,-,-,-,-
1637801,,-,-,-,-,-,-,-
1638019,,-,-,-,-,-,-,-
1642315,,-,-,-,-,-,-,-
1643507,,-,-,-,-,-,-,-
1643666,https://flutter-uploads-production.s3-ap-southeast-1.amazonaws.com/gogetter_resume/ff744d97b551ef38ffe44adf6b05b7956817bc482f5921a60077d3b95c5c643e.pdf,FALSE,TRUE,0,TRUE,FALSE,FALSE,FALSE
1653096,https://flutter-uploads-production.s3-ap-southeast-1.amazonaws.com/gogetter_resume/98730218dcb3aa5247f3ef09d41ef0995c0b3733ea20979765ed51bcb3f0a5eb.pdf,FALSE,FALSE,0,FALSE,FALSE,FALSE,FALSE
1654738,,-,-,-,-,-,-,-
1656104,,-,-,-,-,-,-,-
1658855,,-,-,-,-,-,-,-
1662111,,-,-,-,-,-,-,-
1664820,,-,-,-,-,-,-,-
1672380,,-,-,-,-,-,-,-
1676827,https://flutter-uploads-production.s3-ap-southeast-1.amazonaws.com/gogetter_resume/fe50386e984116747be1089fc1df4015a880d747571648afec89ef42c064900d.pdf,FALSE,FALSE,0,FALSE,FALSE,FALSE,FALSE
1677861,,-,-,-,-,-,-,-
1678536,,-,-,-,-,-,-,-
1679028,,-,-,-,-,-,-,-
1681725,https://flutter-uploads-production.s3-ap-southeast-1.amazonaws.com/gogetter_resume/703670a7a3b82d83506ff64faf756c3c8a57dd90fb6c0f083171ad8f8ec0d364.pdf,FALSE,FALSE,0,FALSE,FALSE,FALSE,FALSE
1685478,,-,-,-,-,-,-,-
1686308,,-,-,-,-,-,-,-
1686968,,-,-,-,-,-,-,-
1686990,,-,-,-,-,-,-,-
1687194,,-,-,-,-,-,-,-
1687220,,-,-,-,-,-,-,-
1688148,,-,-,-,-,-,-,-
1688292,https://flutter-uploads-production.s3-ap-southeast-1.amazonaws.com/gogetter_resume/57726da06aa480288dc08bf16ad2e51437a9071e4a132be97b0dd2ac192f4f6f.pdf,TRUE,TRUE,8,FALSE,FALSE,TRUE,FALSE
1692074,,-,-,-,-,-,-,-
1695226,,-,-,-,-,-,-,-
1696343,,-,-,-,-,-,-,-
1696647,,-,-,-,-,-,-,-
1697350,,-,-,-,-,-,-,-
1697747,https://flutter-uploads-production.s3-ap-southeast-1.amazonaws.com/gogetter_resume/bfe5adc578be5325cfb328a07fb26a394e07eaf2b342be1240dd59d45a575e73.pdf,FALSE,FALSE,0,FALSE,FALSE,FALSE,FALSE
1701031,,-,-,-,-,-,-,-
1701056,,-,-,-,-,-,-,-
1701223,,-,-,-,-,-,-,-
1702180,,-,-,-,-,-,-,-
1702596,https://flutter-uploads-production.s3-ap-southeast-1.amazonaws.com/gogetter_resume/81f4c69facb287f602fe7d9cfc42e827a2f5850c0cc3d004776450e5dcc6778d.pdf,FALSE,FALSE,0,FALSE,FALSE,FALSE,FALSE
1702737,,-,-,-,-,-,-,-
1704474,https://flutter-uploads-production.s3-ap-southeast-1.amazonaws.com/gogetter_resume/73b4f317e207339d13c5bafa2b26d477cce6104965503b03edc2c5c0752ba56b.pdf,FALSE,FALSE,0,FALSE,FALSE,FALSE,FALSE
1704977,,-,-,-,-,-,-,-
1709449,https://flutter-uploads-production.s3-ap-southeast-1.amazonaws.com/gogetter_resume/aa8e70bedb59e2345fd0c5ffa7e4f0eb02db311684def9dc306e7f6f7d596e4b.pdf,FALSE,TRUE,1,FALSE,FALSE,TRUE,FALSE
1710086,https://flutter-uploads-production.s3-ap-southeast-1.amazonaws.com/gogetter_resume/9bfa1a2a757ed62d8aaacb0d061e6909da5bd8be70169fe39770fcebad425f65.pdf,TRUE,FALSE,2,FALSE,FALSE,FALSE,FALSE
1711940,,-,-,-,-,-,-,-
1712344,https://flutter-uploads-production.s3-ap-southeast-1.amazonaws.com/gogetter_resume/7997aaf1b3897bf14d44b96b6e995ddf8eeb5360531caab867863587590569c6.pdf,FALSE,TRUE,2,FALSE,FALSE,TRUE,FALSE
1712561,,-,-,-,-,-,-,-
1713455,,-,-,-,-,-,-,-
1714606,,-,-,-,-,-,-,-
1714807,https://flutter-uploads-production.s3-ap-southeast-1.amazonaws.com/gogetter_resume/89de01bd85e8aa9656098a9245d391a35f87ce689698e2fc14fd5c4e09ea4e3b.pdf,FALSE,FALSE,0,FALSE,FALSE,FALSE,FALSE
1715427,,-,-,-,-,-,-,-
1718015,,-,-,-,-,-,-,-
1718743,,-,-,-,-,-,-,-
1719819,,-,-,-,-,-,-,-
1721134,,-,-,-,-,-,-,-
1721284,,-,-,-,-,-,-,-
1721423,,-,-,-,-,-,-,-
1721926,,-,-,-,-,-,-,-
1722340,,-,-,-,-,-,-,-
1722540,,-,-,-,-,-,-,-
1723250,,-,-,-,-,-,-,-
1724576,,-,-,-,-,-,-,-
1725023,https://flutter-uploads-production.s3-ap-southeast-1.amazonaws.com/gogetter_resume/04c010d52d2adbc4136c4004955a324564b7e92787ff78799a8c9c50b231d6e5.pdf,TRUE,FALSE,8,TRUE,FALSE,FALSE,FALSE
1725438,,-,-,-,-,-,-,-
1725893,https://flutter-uploads-production.s3-ap-southeast-1.amazonaws.com/gogetter_resume/af3f992a7b27bd5bd44887323a7ecf6e249f83c78fe827b4590a1586bb7a25b3.pdf,FALSE,FALSE,0,FALSE,FALSE,FALSE,FALSE
1726087,https://flutter-uploads-production.s3-ap-southeast-1.amazonaws.com/gogetter_resume/2bc1bbfd56f67b9d4f11483c31e552ed7b0ba73f6afe9111d726d2721f90567c.pdf,FALSE,FALSE,0,FALSE,FALSE,FALSE,FALSE
1726559,https://flutter-uploads-production.s3-ap-southeast-1.amazonaws.com/gogetter_resume/d6bdaaf0a40da272116991f4be7d07538a046562da73b014613ece31945a2cef.pdf,FALSE,FALSE,0,FALSE,FALSE,FALSE,FALSE
1726638,,-,-,-,-,-,-,-
1727313,,-,-,-,-,-,-,-
1728055,https://flutter-uploads-production.s3-ap-southeast-1.amazonaws.com/gogetter_resume/72ef6fb8e4254a8faf6f2bd24df42b1102d0166f847cb457ec3f45bb316c329b.pdf,-,-,-,-,-,-,-
1728580,,-,-,-,-,-,-,-
1728820,,-,-,-,-,-,-,-
1729179,,-,-,-,-,-,-,-
1729572,https://flutter-uploads-production.s3-ap-southeast-1.amazonaws.com/gogetter_resume/89fbf2ad925b39363c297691013ae91b2ef7577880fb9fa9a9074bf38fbfd45a.pdf,FALSE,FALSE,0,FALSE,FALSE,FALSE,FALSE
1731030,,-,-,-,-,-,-,-
1731120,https://flutter-uploads-production.s3-ap-southeast-1.amazonaws.com/gogetter_resume/92c24a56e6c6a041ac63e2d68149ca272b5c43a59e344932017b9b0b49bd451b.pdf,FALSE,TRUE,0,FALSE,FALSE,FALSE,FALSE
1731390,,-,-,-,-,-,-,-
1731504,,-,-,-,-,-,-,-
1731599,https://flutter-uploads-production.s3-ap-southeast-1.amazonaws.com/gogetter_resume/cce86d9abe556191cfab55c8e359f1808a8174fc4157a6d8b68607e14654f061.pdf,TRUE,TRUE,0,FALSE,FALSE,FALSE,FALSE
1731890,,-,-,-,-,-,-,-
1732180,https://flutter-uploads-production.s3-ap-southeast-1.amazonaws.com/gogetter_resume/f36dcd2572609ffe5d79dd26c89fc72b85bc9ad34a4d5c8d2c6e4b6c676be2b6.pdf,FALSE,FALSE,0,FALSE,FALSE,FALSE,FALSE
1732584,,-,-,-,-,-,-,-
1732744,,-,-,-,-,-,-,-
1733452,https://flutter-uploads-production.s3-ap-southeast-1.amazonaws.com/gogetter_resume/ef5e65b346b58999eb49a23ac7ce80409c625e4b293d34372948bb21847d34a5.pdf,FALSE,TRUE,0,FALSE,FALSE,TRUE,TRUE
1733846,,-,-,-,-,-,-,-
1733978,,-,-,-,-,-,-,-
1734074,,-,-,-,-,-,-,-
1734093,https://flutter-uploads-production.s3-ap-southeast-1.amazonaws.com/gogetter_resume/6610ee62cab61abeb874d404e3cf8ce11a55a2a237835787446400ed07ecb9ff.pdf,FALSE,TRUE,0,FALSE,FALSE,FALSE,FALSE
1734129,https://flutter-uploads-production.s3-ap-southeast-1.amazonaws.com/gogetter_resume/5303d6d8c1bd8f7bc199184e705ac6e1562d16ac954e4302aafdf45816ba1492.pdf,FALSE,FALSE,0,FALSE,FALSE,FALSE,FALSE
1734220,,-,-,-,-,-,-,-
1734817,,-,-,-,-,-,-,-
1735436,,-,-,-,-,-,-,-
1736148,,-,-,-,-,-,-,-
1737208,,-,-,-,-,-,-,-
1737406,,-,-,-,-,-,-,-
1737537,,-,-,-,-,-,-,-
1737551,,-,-,-,-,-,-,-
1737663,,-,-,-,-,-,-,-
1738185,,-,-,-,-,-,-,-
1738618,,-,-,-,-,-,-,-
1738622,,-,-,-,-,-,-,-
1738765,https://flutter-uploads-production.s3-ap-southeast-1.amazonaws.com/gogetter_resume/55ccbc304959160be9395ae1b2a893e1130232ffb8a85733c21b3c8a3b0d67db.pdf,FALSE,FALSE,0,FALSE,FALSE,FALSE,FALSE
1738871,https://flutter-uploads-production.s3-ap-southeast-1.amazonaws.com/gogetter_resume/7d8027ec8ff3368040ee78f6d3bc51ba2bd4bf7088af5675eba0b2c033d1d9b5.pdf,FALSE,FALSE,0,FALSE,FALSE,FALSE,FALSE
1738903,,-,-,-,-,-,-,-
1738997,,-,-,-,-,-,-,-
1739097,,-,-,-,-,-,-,-
1739161,https://flutter-uploads-production.s3-ap-southeast-1.amazonaws.com/gogetter_resume/13b0e59fd90a2a9010135fde50582440e11886f44fa3cbe25df4a53791d4e940.pdf,FALSE,FALSE,0,FALSE,FALSE,FALSE,FALSE
1739549,,-,-,-,-,-,-,-
1739823,,-,-,-,-,-,-,-
1739916,https://flutter-uploads-production.s3-ap-southeast-1.amazonaws.com/gogetter_resume/ae19f3698ef3bc99d3e5be6e49defbeaca79b4943c052734756b021765976e1a.pdf,FALSE,FALSE,0,FALSE,FALSE,FALSE,FALSE
1739961,,-,-,-,-,-,-,-
1740040,,-,-,-,-,-,-,-
1740083,,-,-,-,-,-,-,-
1740110,,-,-,-,-,-,-,-
1740239,https://flutter-uploads-production.s3-ap-southeast-1.amazonaws.com/gogetter_resume/4227cc2636e1c6e57c8b6b1fbda43dc85601d819541d90170c0fdd1d2cbcd050.pdf,FALSE,FALSE,0,FALSE,FALSE,FALSE,FALSE
1740259,,-,-,-,-,-,-,-
1740370,,-,-,-,-,-,-,-
1740526,,-,-,-,-,-,-,-
1740552,,-,-,-,-,-,-,-
1740560,https://flutter-uploads-production.s3-ap-southeast-1.amazonaws.com/gogetter_resume/7e3591fc46760dc91497f5106f07ba91211dac026d23d6065273d30a4e67d442.pdf,FALSE,FALSE,0,TRUE,FALSE,FALSE,FALSE
1741028,,-,-,-,-,-,-,-
1741200,https://flutter-uploads-production.s3-ap-southeast-1.amazonaws.com/gogetter_resume/4e5403535db99167cd36912fd749164467929270122ec2d5d8dcd8fc3f17b74c.pdf,FALSE,FALSE,0,FALSE,FALSE,FALSE,FALSE
1741204,,-,-,-,-,-,-,-
1741318,,-,-,-,-,-,-,-
1741631,,-,-,-,-,-,-,-
1741647,,-,-,-,-,-,-,-
1741814,,-,-,-,-,-,-,-
1741889,,-,-,-,-,-,-,-
1741891,,-,-,-,-,-,-,-
1742007,,-,-,-,-,-,-,-
1742023,,-,-,-,-,-,-,-
1742125,,-,-,-,-,-,-,-
1742173,,-,-,-,-,-,-,-
1742189,,-,-,-,-,-,-,-
1742216,,-,-,-,-,-,-,-
1742254,,-,-,-,-,-,-,-
1742257,,-,-,-,-,-,-,-
1742266,,-,-,-,-,-,-,-
1742290,,-,-,-,-,-,-,-
1742291,,-,-,-,-,-,-,-
1742296,,-,-,-,-,-,-,-
1742343,,-,-,-,-,-,-,-
1742469,,-,-,-,-,-,-,-
1742477,,-,-,-,-,-,-,-
1742506,,-,-,-,-,-,-,-
1742563,,-,-,-,-,-,-,-
1742588,,-,-,-,-,-,-,-
1742620,,-,-,-,-,-,-,-
1742656,,-,-,-,-,-,-,-
1742703,,-,-,-,-,-,-,-
1742720,,-,-,-,-,-,-,-
1742737,,-,-,-,-,-,-,-
1742759,,-,-,-,-,-,-,-
1742763,,-,-,-,-,-,-,-
1742829,,-,-,-,-,-,-,-
1742886,,-,-,-,-,-,-,-
1742896,,-,-,-,-,-,-,-
1742938,,-,-,-,-,-,-,-
1742946,,-,-,-,-,-,-,-
1743000,,-,-,-,-,-,-,-
1743003,,-,-,-,-,-,-,-
1743126,https://flutter-uploads-production.s3-ap-southeast-1.amazonaws.com/gogetter_resume/45f112c6bce76710d4adf4bdc632c2bae2fd528fa442ace5dce54a25319393a4.pdf,FALSE,FALSE,0,FALSE,FALSE,FALSE,FALSE
1743150,,-,-,-,-,-,-,-
1743182,https://flutter-uploads-production.s3-ap-southeast-1.amazonaws.com/gogetter_resume/2c352ead954cea5e82f09e20073dfea36ab6200eef0c8451d08f8dd756e5e177.pdf,FALSE,FALSE,0,FALSE,FALSE,FALSE,FALSE
1743183,https://flutter-uploads-production.s3-ap-southeast-1.amazonaws.com/gogetter_resume/10f30b105ea6b370103aff81e8833796728ae8a10d9e7caabe8a63cd73326d5b.pdf,FALSE,FALSE,0,FALSE,FALSE,FALSE,FALSE
1743216,,-,-,-,-,-,-,-
1743292,,-,-,-,-,-,-,-
1743301,,-,-,-,-,-,-,-
1743335,,-,-,-,-,-,-,-
1743363,,-,-,-,-,-,-,-
1743393,,-,-,-,-,-,-,-
1743396,,-,-,-,-,-,-,-
1743443,,-,-,-,-,-,-,-
1743460,,-,-,-,-,-,-,-
1743493,,-,-,-,-,-,-,-
1743529,,-,-,-,-,-,-,-
1743539,,-,-,-,-,-,-,-
1743541,,-,-,-,-,-,-,-
